server_timestamp,arduino_timestamp,X,Y,Z
2025-11-02 20:34:10.131,1059102,-0.750,-0.031,-0.625
2025-11-02 20:34:10.375,1059341,-0.750,0.094,-0.656
2025-11-02 20:34:10.611,1059581,-0.750,-0.250,-0.562
2025-11-02 20:34:10.835,1059809,-0.719,-0.375,-0.469
2025-11-02 20:34:11.072,1060037,-0.687,-0.531,-0.187
2025-11-02 20:34:11.299,1060272,-0.781,-0.562,-0.219
2025-11-02 20:34:11.533,1060501,-0.625,-0.625,0.000
2025-11-02 20:34:11.772,1060743,-0.781,-0.781,0.000
2025-11-02 20:34:12.010,1060984,-0.562,-0.812,0.062
2025-11-02 20:34:12.245,1061211,-0.531,-0.687,0.062
2025-11-02 20:34:12.482,1061452,-0.687,-0.594,0.062
2025-11-02 20:34:12.713,1061680,-0.750,-0.562,0.094
2025-11-02 20:34:12.945,1061919,-0.812,-0.469,0.000
2025-11-02 20:34:13.178,1062148,-0.844,-0.437,-0.125
2025-11-02 20:34:13.405,1062378,-0.812,-0.500,0.094
2025-11-02 20:34:13.633,1062607,-0.844,-0.531,0.187
2025-11-02 20:34:13.861,1062835,-0.656,-0.656,0.594
2025-11-02 20:34:14.095,1063063,-0.187,-0.406,0.594
2025-11-02 20:34:14.324,1063295,0.031,-0.437,0.844
2025-11-02 20:34:14.556,1063526,0.187,-0.406,0.812
2025-11-02 20:34:14.790,1063756,0.250,-0.406,0.781
2025-11-02 20:34:15.026,1063995,0.219,-0.469,0.750
2025-11-02 20:34:15.253,1064225,0.125,-0.375,0.594
2025-11-02 20:34:15.482,1064453,-0.125,-0.812,1.000
2025-11-02 20:34:15.718,1064691,-0.406,-0.656,0.625
2025-11-02 20:34:15.946,1064919,-0.656,-0.625,0.437
2025-11-02 20:34:16.184,1065148,-0.719,-0.625,0.375
2025-11-02 20:34:16.420,1065390,-0.750,-0.500,0.281
2025-11-02 20:34:16.650,1065621,-0.750,-0.594,0.344
2025-11-02 20:34:16.899,1065851,-0.719,-0.656,0.437
2025-11-02 20:34:17.125,1066099,-0.406,-0.687,0.687
2025-11-02 20:34:17.360,1066327,0.000,-0.500,0.750
2025-11-02 20:34:17.590,1066564,0.125,-0.437,0.687
2025-11-02 20:34:17.820,1066792,0.187,-0.437,0.750
2025-11-02 20:34:18.045,1067019,0.219,-0.500,0.781
2025-11-02 20:34:18.281,1067256,-0.094,-0.562,0.656
2025-11-02 20:34:18.511,1067483,-0.312,-0.687,0.531
2025-11-02 20:34:18.741,1067714,-0.531,-0.625,0.406
2025-11-02 20:34:18.999,1067943,-0.594,-0.656,0.312
2025-11-02 20:34:19.229,1068201,-0.750,-0.531,0.281
2025-11-02 20:34:19.467,1068431,-0.750,-0.562,0.250
2025-11-02 20:34:19.699,1068673,-0.719,-0.656,0.375
2025-11-02 20:34:19.927,1068901,-0.500,-0.719,0.625
2025-11-02 20:34:20.158,1069129,-0.094,-0.625,0.656
2025-11-02 20:34:20.386,1069360,0.094,-0.656,0.750
2025-11-02 20:34:20.612,1069588,0.156,-0.562,0.687
2025-11-02 20:34:20.847,1069815,0.219,-0.562,0.594
2025-11-02 20:34:21.074,1070047,0.062,-0.562,0.594
2025-11-02 20:34:21.305,1070274,-0.219,-0.719,0.625
2025-11-02 20:34:21.535,1070508,-0.500,-0.750,0.437
2025-11-02 20:34:21.766,1070737,-0.625,-0.687,0.375
2025-11-02 20:34:22.000,1070975,-0.687,-0.625,0.156
2025-11-02 20:34:22.229,1071203,-0.750,-0.562,0.031
2025-11-02 20:34:22.469,1071440,-0.781,-0.594,0.156
2025-11-02 20:34:22.704,1071678,-0.719,-0.562,0.250
2025-11-02 20:34:22.934,1071906,-0.469,-0.906,0.469
2025-11-02 20:34:23.161,1072136,-0.094,-0.750,0.687
2025-11-02 20:34:23.393,1072363,0.187,-0.719,0.594
2025-11-02 20:34:23.620,1072592,0.250,-0.656,0.531
2025-11-02 20:34:23.848,1072823,0.156,-0.656,0.531
2025-11-02 20:34:24.082,1073051,0.000,-0.687,0.531
2025-11-02 20:34:24.318,1073289,-0.312,-0.812,0.531
2025-11-02 20:34:24.564,1073530,-0.594,-0.656,0.375
2025-11-02 20:34:24.798,1073768,-0.625,-0.625,0.312
2025-11-02 20:34:25.039,1073999,-0.719,-0.562,0.187
2025-11-02 20:34:25.277,1074249,-0.781,-0.562,0.156
2025-11-02 20:34:25.507,1074477,-0.781,-0.594,0.187
2025-11-02 20:34:25.747,1074715,-0.625,-0.750,0.406
2025-11-02 20:34:25.978,1074953,-0.219,-0.750,0.625
2025-11-02 20:34:26.228,1075191,-0.031,-0.625,0.594
2025-11-02 20:34:26.454,1075428,0.125,-0.625,0.625
2025-11-02 20:34:26.683,1075656,0.250,-0.656,0.656
2025-11-02 20:34:26.917,1075885,0.094,-0.594,0.500
2025-11-02 20:34:27.151,1076123,-0.094,-0.781,0.531
2025-11-02 20:34:27.377,1076352,-0.437,-0.781,0.500
2025-11-02 20:34:27.610,1076580,-0.594,-0.719,0.219
2025-11-02 20:34:27.836,1076810,-0.656,-0.687,0.250
2025-11-02 20:34:28.069,1077038,-0.719,-0.594,0.156
2025-11-02 20:34:28.304,1077276,-0.750,-0.625,0.187
2025-11-02 20:34:28.532,1077505,-0.781,-0.687,0.250
2025-11-02 20:34:28.762,1077733,-0.469,-0.687,0.281
2025-11-02 20:34:28.987,1077961,-0.156,-0.875,0.469
2025-11-02 20:34:29.215,1078188,0.125,-0.781,0.531
2025-11-02 20:34:29.454,1078418,0.281,-0.687,0.531
2025-11-02 20:34:29.681,1078654,0.281,-0.625,0.375
2025-11-02 20:34:29.908,1078882,0.125,-0.687,0.469
2025-11-02 20:34:30.136,1079110,-0.187,-0.937,0.562
2025-11-02 20:34:30.366,1079338,-0.406,-0.781,0.562
2025-11-02 20:34:30.602,1079568,-0.625,-0.656,0.187
2025-11-02 20:34:30.836,1079806,-0.687,-0.625,0.187
2025-11-02 20:34:31.070,1080044,-0.781,-0.531,0.125
2025-11-02 20:34:31.300,1080272,-0.781,-0.562,0.125
2025-11-02 20:34:31.536,1080502,-0.812,-0.594,0.187
2025-11-02 20:34:31.765,1080739,-0.562,-0.312,0.250
2025-11-02 20:34:31.993,1080967,-0.125,-0.937,0.406
2025-11-02 20:34:32.221,1081195,0.125,-0.687,0.406
2025-11-02 20:34:32.449,1081423,0.250,-0.687,0.312
2025-11-02 20:34:32.680,1081651,0.125,-0.750,0.406
2025-11-02 20:34:32.924,1081889,-0.156,-0.781,0.437
2025-11-02 20:34:33.153,1082127,-0.437,-0.906,0.312
2025-11-02 20:34:33.382,1082355,-0.562,-0.750,0.219
2025-11-02 20:34:33.616,1082584,-0.687,-0.687,0.187
2025-11-02 20:34:33.851,1082824,-0.750,-0.562,0.062
2025-11-02 20:34:34.080,1083053,-0.781,-0.562,0.062
2025-11-02 20:34:34.308,1083281,-0.781,-0.531,0.094
2025-11-02 20:34:34.538,1083511,-0.750,-0.656,0.312
2025-11-02 20:34:34.775,1083740,-0.531,-0.781,0.562
2025-11-02 20:34:35.007,1083980,-0.125,-0.594,0.531
2025-11-02 20:34:35.238,1084210,0.219,-0.656,0.625
2025-11-02 20:34:35.467,1084438,0.344,-0.594,0.531
2025-11-02 20:34:35.711,1084675,0.250,-0.625,0.500
2025-11-02 20:34:35.951,1084918,-0.062,-0.719,0.594
2025-11-02 20:34:36.194,1085159,-0.437,-0.781,0.531
2025-11-02 20:34:36.436,1085402,-0.594,-0.750,0.344
2025-11-02 20:34:36.675,1085646,-0.656,-0.687,0.187
2025-11-02 20:34:36.916,1085884,-0.750,-0.531,0.094
2025-11-02 20:34:37.154,1086122,-0.781,-0.531,0.062
2025-11-02 20:34:37.381,1086356,-0.812,-0.469,0.031
2025-11-02 20:34:37.611,1086584,-0.844,-0.469,0.031
2025-11-02 20:34:37.845,1086813,-0.812,-0.594,0.062
2025-11-02 20:34:38.089,1087054,-0.594,-0.625,0.406
2025-11-02 20:34:38.325,1087294,-0.125,-0.875,0.437
2025-11-02 20:34:38.554,1087525,0.281,-0.719,0.469
2025-11-02 20:34:38.780,1087752,0.437,-0.594,0.281
2025-11-02 20:34:39.009,1087980,0.312,-0.687,0.375
2025-11-02 20:34:39.246,1088218,0.062,-0.812,0.437
2025-11-02 20:34:39.475,1088448,-0.437,-0.844,0.312
2025-11-02 20:34:39.701,1088676,-0.594,-0.781,0.250
2025-11-02 20:34:39.930,1088903,-0.687,-0.594,0.187
2025-11-02 20:34:40.160,1089131,-0.781,-0.562,0.062
2025-11-02 20:34:40.398,1089362,-0.812,-0.469,0.000
2025-11-02 20:34:40.632,1089601,-0.844,-0.406,0.000
2025-11-02 20:34:40.861,1089833,-0.875,-0.406,0.000
2025-11-02 20:34:41.087,1090061,-0.844,-0.469,-0.156
2025-11-02 20:34:41.319,1090290,-0.750,-0.719,0.156
2025-11-02 20:34:41.554,1090522,-0.250,-0.844,0.281
2025-11-02 20:34:41.787,1090756,0.125,-0.812,0.500
2025-11-02 20:34:42.016,1090987,0.344,-0.719,0.437
2025-11-02 20:34:42.243,1091215,0.281,-0.625,0.312
2025-11-02 20:34:42.469,1091443,0.094,-0.781,0.437
2025-11-02 20:34:42.705,1091671,-0.312,-0.969,0.219
2025-11-02 20:34:42.950,1091907,-0.625,-0.719,0.156
2025-11-02 20:34:43.183,1092151,-0.750,-0.594,0.094
2025-11-02 20:34:43.434,1092389,-0.812,-0.500,-0.031
2025-11-02 20:34:43.667,1092638,-0.844,-0.500,-0.031
2025-11-02 20:34:43.915,1092877,-0.844,-0.437,-0.062
2025-11-02 20:34:44.155,1093125,-0.812,-0.531,-0.094
2025-11-02 20:34:44.380,1093354,-0.687,-0.812,0.125
2025-11-02 20:34:44.611,1093582,-0.187,-0.844,0.219
2025-11-02 20:34:44.840,1093814,0.250,-0.750,0.406
2025-11-02 20:34:45.070,1094042,0.437,-0.625,0.437
2025-11-02 20:34:45.301,1094271,0.344,-0.656,0.312
2025-11-02 20:34:45.537,1094511,0.062,-0.812,0.375
2025-11-02 20:34:45.765,1094739,-0.187,-0.781,0.375
2025-11-02 20:34:45.994,1094968,-0.531,-0.875,0.219
2025-11-02 20:34:46.229,1095196,-0.656,-0.625,0.219
2025-11-02 20:34:46.465,1095434,-0.750,-0.625,0.219
2025-11-02 20:34:46.710,1095674,-0.781,-0.562,0.094
2025-11-02 20:34:46.946,1095912,-0.812,-0.625,0.125
2025-11-02 20:34:47.176,1096150,-0.687,-0.719,0.344
2025-11-02 20:34:47.416,1096378,-0.062,-1.062,0.562
2025-11-02 20:34:47.646,1096619,0.375,-0.562,0.187
2025-11-02 20:34:47.874,1096847,0.469,-0.625,0.312
2025-11-02 20:34:48.113,1097085,0.312,-0.719,0.281
2025-11-02 20:34:48.343,1097315,-0.125,-0.750,0.500
2025-11-02 20:34:48.571,1097543,-0.469,-0.906,0.281
2025-11-02 20:34:48.801,1097774,-0.625,-0.687,0.062
2025-11-02 20:34:49.027,1098002,-0.781,-0.562,0.000
2025-11-02 20:34:49.260,1098230,-0.812,-0.531,-0.062
2025-11-02 20:34:49.486,1098460,-0.844,-0.469,-0.062
2025-11-02 20:34:49.713,1098688,-0.906,-0.469,0.000
2025-11-02 20:34:49.942,1098915,-0.781,-0.656,0.062
2025-11-02 20:34:50.189,1099153,-0.500,-0.969,0.281
2025-11-02 20:34:50.435,1099396,0.125,-0.844,0.125
2025-11-02 20:34:50.677,1099643,0.500,-0.562,0.219
2025-11-02 20:34:50.914,1099881,0.375,-0.625,0.187
2025-11-02 20:34:51.151,1100117,-0.187,-0.875,0.281
2025-11-02 20:34:51.387,1100354,-0.437,-0.812,0.031
2025-11-02 20:34:51.629,1100595,-0.687,-0.656,0.094
2025-11-02 20:34:51.866,1100836,-0.781,-0.656,0.000
2025-11-02 20:34:52.102,1101074,-0.812,-0.500,-0.125
2025-11-02 20:34:52.333,1101303,-0.812,-0.500,-0.094
2025-11-02 20:34:52.567,1101535,-0.781,-0.437,-0.094
2025-11-02 20:34:52.808,1101773,-0.750,-0.375,-0.031
2025-11-02 20:34:53.034,1102007,-0.781,-0.312,-0.125
2025-11-02 20:34:53.268,1102235,-0.906,-0.344,-0.094
2025-11-02 20:34:53.503,1102473,-1.031,-0.250,-0.094
2025-11-02 20:34:53.744,1102711,-0.937,-0.125,-0.062
2025-11-02 20:34:53.984,1102949,-0.937,-0.156,-0.094
2025-11-02 20:34:54.227,1103193,-1.125,-0.500,-0.062
2025-11-02 20:34:54.462,1103431,-1.125,-0.187,-0.094
2025-11-02 20:34:54.695,1103669,-0.875,-0.312,-0.031
2025-11-02 20:34:54.923,1103898,-0.750,-0.281,-0.031
2025-11-02 20:34:55.152,1104126,-0.844,-0.406,0.000
2025-11-02 20:34:55.382,1104354,-0.781,-0.375,-0.094
2025-11-02 20:34:55.615,1104585,-0.812,-0.437,-0.125
2025-11-02 20:34:55.850,1104825,-0.875,-0.406,-0.219
2025-11-02 20:34:56.079,1105053,-0.750,-0.375,-0.250
2025-11-02 20:34:56.320,1105282,-0.687,-0.469,-0.250
2025-11-02 20:34:56.550,1105520,-0.750,-0.562,-0.125
2025-11-02 20:34:56.777,1105749,-0.875,-0.531,-0.094
2025-11-02 20:34:57.006,1105978,-0.781,-0.469,-0.062
2025-11-02 20:34:57.232,1106206,-0.719,-0.562,-0.156
2025-11-02 20:34:57.473,1106444,-0.781,-0.469,-0.187
2025-11-02 20:34:57.709,1106683,-0.812,-0.531,-0.250
2025-11-02 20:34:57.945,1106910,-0.719,-0.469,-0.187
2025-11-02 20:34:58.167,1107143,-0.750,-0.500,-0.219
2025-11-02 20:34:58.402,1107370,-0.750,-0.531,-0.187
2025-11-02 20:34:58.637,1107609,-0.750,-0.531,-0.156
2025-11-02 20:34:58.880,1107847,-0.781,-0.500,-0.187
2025-11-02 20:34:59.110,1108081,-0.750,-0.531,-0.156
2025-11-02 20:34:59.347,1108321,-0.750,-0.531,-0.187
2025-11-02 20:34:59.576,1108549,-0.781,-0.500,-0.156
2025-11-02 20:34:59.805,1108777,-0.750,-0.500,-0.187
2025-11-02 20:35:00.032,1109005,-0.750,-0.531,-0.187
2025-11-02 20:35:00.257,1109233,-0.781,-0.500,-0.187
2025-11-02 20:35:00.495,1109461,-0.781,-0.500,-0.156
2025-11-02 20:35:00.725,1109698,-0.781,-0.500,-0.187
2025-11-02 20:35:00.954,1109926,-0.750,-0.469,-0.156
2025-11-02 20:35:01.181,1110154,-0.781,-0.500,-0.187
2025-11-02 20:35:01.411,1110384,-0.781,-0.500,-0.156
2025-11-02 20:35:01.649,1110612,-0.781,-0.500,-0.156
2025-11-02 20:35:01.879,1110852,-0.781,-0.500,-0.187
2025-11-02 20:35:02.111,1111081,-0.781,-0.500,-0.156
2025-11-02 20:35:02.338,1111312,-0.781,-0.500,-0.156
2025-11-02 20:35:02.581,1111549,-0.781,-0.500,-0.125
2025-11-02 20:35:02.820,1111788,-0.781,-0.500,-0.156
2025-11-02 20:35:03.048,1112018,-0.781,-0.500,-0.156
2025-11-02 20:35:03.281,1112250,-0.781,-0.500,-0.156
2025-11-02 20:35:03.509,1112480,-0.781,-0.500,-0.187
2025-11-02 20:35:03.739,1112712,-0.781,-0.500,-0.156
2025-11-02 20:35:03.978,1112941,-0.750,-0.469,-0.187
2025-11-02 20:35:04.203,1113178,-0.781,-0.469,-0.187
2025-11-02 20:35:04.432,1113406,-0.781,-0.500,-0.156
2025-11-02 20:35:04.659,1113634,-0.781,-0.500,-0.187
2025-11-02 20:35:04.896,1113871,-0.781,-0.469,-0.187
2025-11-02 20:35:05.131,1114099,-0.781,-0.469,-0.187
2025-11-02 20:35:05.367,1114337,-0.812,-0.500,-0.187
2025-11-02 20:35:05.591,1114565,-0.812,-0.469,-0.156
2025-11-02 20:35:05.826,1114793,-0.781,-0.469,-0.156
2025-11-02 20:35:06.055,1115028,-0.781,-0.469,-0.156
2025-11-02 20:35:06.289,1115258,-0.781,-0.469,-0.156
2025-11-02 20:35:06.517,1115491,-0.812,-0.469,-0.156
2025-11-02 20:35:06.747,1115720,-0.781,-0.469,-0.156
2025-11-02 20:35:06.986,1115959,-0.812,-0.437,-0.156
2025-11-02 20:35:07.214,1116189,-0.812,-0.469,-0.156
2025-11-02 20:35:07.448,1116417,-0.812,-0.469,-0.156
2025-11-02 20:35:07.675,1116648,-0.812,-0.469,-0.156
2025-11-02 20:35:07.943,1116877,-0.812,-0.469,-0.156
2025-11-02 20:35:08.173,1117143,-0.812,-0.469,-0.156
2025-11-02 20:35:08.405,1117374,-0.781,-0.469,-0.156
2025-11-02 20:35:08.640,1117613,-0.781,-0.469,-0.187
2025-11-02 20:35:08.867,1117841,-0.781,-0.469,-0.156
2025-11-02 20:35:09.095,1118069,-0.781,-0.469,-0.156
2025-11-02 20:35:09.325,1118297,-0.781,-0.469,-0.156
2025-11-02 20:35:09.551,1118525,-0.812,-0.469,-0.156
2025-11-02 20:35:09.782,1118753,-0.812,-0.469,-0.156
2025-11-02 20:35:10.007,1118981,-0.812,-0.469,-0.156
2025-11-02 20:35:10.235,1119209,-0.812,-0.437,-0.156
2025-11-02 20:35:10.464,1119436,-0.812,-0.469,-0.156
2025-11-02 20:35:10.702,1119666,-0.812,-0.469,-0.156
2025-11-02 20:35:10.940,1119905,-0.812,-0.469,-0.156
2025-11-02 20:35:11.167,1120140,-0.812,-0.437,-0.187
2025-11-02 20:35:11.394,1120368,-0.750,-0.500,-0.125
2025-11-02 20:35:11.629,1120596,-0.719,-0.750,-0.031
2025-11-02 20:35:11.862,1120836,-0.594,-0.844,-0.031
2025-11-02 20:35:12.094,1121064,-0.156,-1.062,-0.062
2025-11-02 20:35:12.320,1121295,0.406,-0.781,-0.156
2025-11-02 20:35:12.553,1121522,0.469,-0.281,-0.281
2025-11-02 20:35:12.781,1121753,0.844,-0.469,-0.125
2025-11-02 20:35:13.014,1121982,0.906,-0.406,0.031
2025-11-02 20:35:13.248,1122221,0.719,-0.125,0.000
2025-11-02 20:35:13.492,1122451,0.656,-0.750,-0.156
2025-11-02 20:35:13.720,1122694,0.156,-0.844,-0.750
2025-11-02 20:35:13.950,1122922,-0.187,-0.812,-0.719
2025-11-02 20:35:14.203,1123161,-0.031,-0.625,-0.719
2025-11-02 20:35:14.430,1123402,0.000,-0.656,-0.625
2025-11-02 20:35:14.655,1123630,0.406,-0.719,-0.687
2025-11-02 20:35:14.882,1123857,-0.125,-0.687,-0.656
2025-11-02 20:35:15.129,1124095,0.437,-0.781,-0.656
2025-11-02 20:35:15.362,1124335,-0.125,-0.687,-0.656
2025-11-02 20:35:15.591,1124565,-0.156,-0.531,-0.562
2025-11-02 20:35:15.818,1124793,-0.469,-0.687,-0.469
2025-11-02 20:35:16.069,1125031,-0.812,-0.625,-0.344
2025-11-02 20:35:16.310,1125276,-0.844,-0.625,-0.219
2025-11-02 20:35:16.544,1125514,-0.812,-0.437,-0.219
2025-11-02 20:35:16.782,1125752,-0.781,-0.406,-0.187
2025-11-02 20:35:17.009,1125981,-0.812,-0.469,-0.187
2025-11-02 20:35:17.240,1126212,-0.812,-0.469,-0.187
2025-11-02 20:35:17.479,1126442,-0.812,-0.406,-0.187
2025-11-02 20:35:17.722,1126691,-0.812,-0.437,-0.187
2025-11-02 20:35:17.958,1126923,-0.812,-0.437,-0.187
2025-11-02 20:35:18.186,1127157,-0.812,-0.469,-0.187
2025-11-02 20:35:18.414,1127387,-0.844,-0.406,-0.250
2025-11-02 20:35:18.647,1127614,-0.844,-0.344,-0.281
2025-11-02 20:35:18.880,1127848,-0.750,-0.375,-0.250
2025-11-02 20:35:19.113,1128079,-0.750,-0.281,-0.094
2025-11-02 20:35:19.353,1128318,-0.875,-0.250,0.031
2025-11-02 20:35:19.587,1128560,-0.906,-0.156,-0.094
2025-11-02 20:35:19.821,1128788,-1.062,-0.031,-0.125
2025-11-02 20:35:20.124,1129023,-1.094,-0.062,-0.125
2025-11-02 20:35:20.358,1129331,-1.062,-0.219,-0.156
2025-11-02 20:35:20.595,1129560,-1.094,-0.094,-0.156
2025-11-02 20:35:20.822,1129796,-1.000,-0.156,-0.031
2025-11-02 20:35:21.057,1130025,-0.906,-0.094,-0.094
2025-11-02 20:35:21.287,1130260,-0.750,-0.250,0.000
2025-11-02 20:35:21.526,1130489,-0.750,-0.406,0.156
2025-11-02 20:35:21.761,1130732,-0.781,-0.531,0.125
2025-11-02 20:35:21.989,1130963,-0.750,-0.656,0.156
2025-11-02 20:35:22.217,1131191,-0.562,-0.781,0.250
2025-11-02 20:35:22.476,1131420,-0.125,-0.812,0.406
2025-11-02 20:35:22.716,1131684,0.156,-0.812,0.406
2025-11-02 20:35:22.954,1131919,0.281,-0.781,0.406
2025-11-02 20:35:23.190,1132160,0.281,-0.781,0.469
2025-11-02 20:35:23.429,1132391,0.187,-0.656,0.281
2025-11-02 20:35:23.666,1132637,-0.250,-0.937,0.406
2025-11-02 20:35:23.902,1132868,-0.500,-0.844,0.187
2025-11-02 20:35:24.160,1133117,-0.656,-0.750,0.187
2025-11-02 20:35:24.383,1133359,-0.750,-0.562,0.094
2025-11-02 20:35:24.621,1133587,-0.781,-0.531,0.031
2025-11-02 20:35:24.853,1133826,-0.844,-0.594,0.094
2025-11-02 20:35:25.081,1134055,-0.687,-0.750,0.187
2025-11-02 20:35:25.310,1134284,-0.344,-0.812,0.312
2025-11-02 20:35:25.541,1134513,0.000,-0.906,0.375
2025-11-02 20:35:25.771,1134741,0.219,-0.781,0.375
2025-11-02 20:35:26.008,1134978,0.250,-0.781,0.250
2025-11-02 20:35:26.248,1135209,0.125,-0.781,0.187
2025-11-02 20:35:26.482,1135452,-0.187,-0.812,0.187
2025-11-02 20:35:26.718,1135691,-0.406,-0.844,0.156
2025-11-02 20:35:26.961,1135920,-0.594,-0.719,0.062
2025-11-02 20:35:27.194,1136167,-0.750,-0.594,-0.031
2025-11-02 20:35:27.431,1136395,-0.812,-0.500,-0.031
2025-11-02 20:35:27.660,1136634,-0.844,-0.500,-0.031
2025-11-02 20:35:27.891,1136863,-0.750,-0.656,0.094
2025-11-02 20:35:28.125,1137092,-0.375,-1.062,0.187
2025-11-02 20:35:28.353,1137325,0.031,-0.781,0.156
2025-11-02 20:35:28.587,1137554,0.219,-0.781,0.219
2025-11-02 20:35:28.822,1137794,0.219,-0.781,0.156
2025-11-02 20:35:29.054,1138024,0.000,-0.906,0.219
2025-11-02 20:35:29.284,1138254,-0.219,-0.812,0.125
2025-11-02 20:35:29.514,1138487,-0.531,-0.781,0.156
2025-11-02 20:35:29.743,1138716,-0.625,-0.687,0.375
2025-11-02 20:35:29.971,1138945,-0.750,-0.562,0.156
2025-11-02 20:35:30.199,1139174,-0.750,-0.531,0.156
2025-11-02 20:35:30.430,1139402,-0.812,-0.500,0.125
2025-11-02 20:35:30.662,1139632,-0.844,-0.531,0.250
2025-11-02 20:35:30.902,1139875,-0.656,-0.594,0.562
2025-11-02 20:35:31.137,1140102,-0.219,-0.594,0.906
2025-11-02 20:35:31.368,1140342,0.125,-0.531,0.687
2025-11-02 20:35:31.596,1140570,0.187,-0.469,0.625
2025-11-02 20:35:31.832,1140798,0.125,-0.406,0.500
2025-11-02 20:35:32.063,1141033,-0.156,-0.562,0.719
2025-11-02 20:35:32.291,1141266,-0.437,-0.625,0.719
2025-11-02 20:35:32.520,1141494,-0.719,-0.531,0.375
2025-11-02 20:35:32.748,1141723,-0.812,-0.500,0.156
2025-11-02 20:35:32.990,1141952,-0.875,-0.375,0.062
2025-11-02 20:35:33.215,1142190,-0.875,-0.437,0.125
2025-11-02 20:35:33.448,1142417,-0.937,-0.469,0.062
2025-11-02 20:35:33.677,1142647,-0.656,-0.594,0.344
2025-11-02 20:35:33.925,1142885,-0.281,-0.719,0.437
2025-11-02 20:35:34.157,1143127,0.062,-0.562,0.562
2025-11-02 20:35:34.384,1143358,0.125,-0.625,0.469
2025-11-02 20:35:34.617,1143586,0.031,-0.656,0.531
2025-11-02 20:35:34.846,1143819,-0.219,-0.750,0.500
2025-11-02 20:35:35.082,1144057,-0.562,-0.812,0.344
2025-11-02 20:35:35.312,1144285,-0.719,-0.562,0.156
2025-11-02 20:35:35.550,1144513,-0.844,-0.500,0.094
2025-11-02 20:35:35.778,1144751,-0.844,-0.406,0.000
2025-11-02 20:35:36.014,1144981,-0.875,-0.375,-0.031
2025-11-02 20:35:36.248,1145216,-0.937,-0.406,0.000
2025-11-02 20:35:36.489,1145447,-0.844,-0.500,0.125
2025-11-02 20:35:36.729,1145695,-0.531,-0.531,-0.094
2025-11-02 20:35:36.961,1145935,-0.594,-0.687,0.031
2025-11-02 20:35:37.188,1146162,-0.719,-0.562,-0.219
2025-11-02 20:35:37.418,1146391,-0.656,-0.594,0.000
2025-11-02 20:35:37.647,1146621,-0.750,-0.156,-0.562
2025-11-02 20:35:37.887,1146849,-0.750,-0.187,-0.500
2025-11-02 20:35:38.119,1147089,-0.781,-0.125,-0.562
2025-11-02 20:35:38.346,1147318,-0.719,-0.437,-0.375
2025-11-02 20:35:38.581,1147548,-0.844,-0.469,-0.219
2025-11-02 20:35:38.820,1147783,-0.750,-0.906,0.000
2025-11-02 20:35:39.046,1148022,0.000,-0.812,0.156
2025-11-02 20:35:39.283,1148249,0.437,-0.687,0.344
2025-11-02 20:35:39.520,1148486,0.312,-0.594,0.219
2025-11-02 20:35:39.752,1148723,-0.125,-0.906,0.219
2025-11-02 20:35:39.988,1148950,-0.500,-0.937,0.062
2025-11-02 20:35:40.233,1149191,-0.750,-0.469,-0.062
2025-11-02 20:35:40.459,1149432,-0.969,-0.500,0.031
2025-11-02 20:35:40.692,1149661,-0.875,-0.344,-0.187
2025-11-02 20:35:40.935,1149894,-0.844,-0.344,-0.250
2025-11-02 20:35:41.160,1150135,-0.844,-0.250,-0.406
2025-11-02 20:35:41.388,1150363,-0.875,-0.469,0.031
2025-11-02 20:35:41.632,1150591,-0.906,-0.375,-0.094
2025-11-02 20:35:41.878,1150840,-0.781,-0.406,0.000
2025-11-02 20:35:42.108,1151078,-0.719,-0.531,0.094
2025-11-02 20:35:42.336,1151309,-0.906,-0.406,0.000
2025-11-02 20:35:42.578,1151547,-0.906,-0.344,-0.187
2025-11-02 20:35:42.809,1151778,-0.781,-0.344,-0.219
2025-11-02 20:35:43.045,1152017,-0.906,-0.344,-0.312
2025-11-02 20:35:43.281,1152246,-0.750,-0.750,0.000
2025-11-02 20:35:43.514,1152487,-0.312,-0.625,-0.187
2025-11-02 20:35:43.744,1152715,-0.062,-0.875,-0.031
2025-11-02 20:35:43.982,1152953,0.062,-0.875,-0.156
2025-11-02 20:35:44.219,1153186,0.062,-0.625,-0.156
2025-11-02 20:35:44.454,1153421,-0.312,-0.969,-0.125
2025-11-02 20:35:44.681,1153655,-0.625,-1.000,-0.062
2025-11-02 20:35:44.915,1153883,-0.750,-0.531,-0.250
2025-11-02 20:35:45.146,1154117,-0.844,-0.406,-0.250
2025-11-02 20:35:45.388,1154346,-0.906,-0.344,-0.187
2025-11-02 20:35:45.649,1154591,-0.875,-0.344,-0.156
2025-11-02 20:35:45.888,1154855,-0.969,-0.312,-0.281
2025-11-02 20:35:46.134,1155089,-0.781,-0.656,-0.406
2025-11-02 20:35:46.380,1155344,-0.250,-0.531,-0.406
2025-11-02 20:35:46.614,1155581,0.062,-1.000,-0.156
2025-11-02 20:35:46.854,1155821,0.156,-0.781,-0.187
2025-11-02 20:35:47.081,1156055,0.062,-0.750,-0.031
2025-11-02 20:35:47.314,1156282,-0.156,-0.656,-0.219
2025-11-02 20:35:47.544,1156517,-0.531,-0.812,-0.062
2025-11-02 20:35:47.769,1156745,-0.719,-0.594,-0.062
2025-11-02 20:35:47.999,1156973,-0.812,-0.562,-0.062
2025-11-02 20:35:48.229,1157201,-0.875,-0.375,-0.094
2025-11-02 20:35:48.464,1157432,-0.875,-0.375,-0.094
2025-11-02 20:35:48.697,1157670,-0.906,-0.406,-0.094
2025-11-02 20:35:48.928,1157899,-0.844,-0.594,0.000
2025-11-02 20:35:49.215,1158138,-0.562,-0.937,0.312
2025-11-02 20:35:49.447,1158415,0.094,-0.594,0.375
2025-11-02 20:35:49.676,1158648,0.250,-0.594,0.312
2025-11-02 20:35:49.912,1158877,-0.031,-0.687,0.437
2025-11-02 20:35:50.144,1159112,-0.531,-0.937,0.312
2025-11-02 20:35:50.376,1159350,-0.750,-0.656,0.125
2025-11-02 20:35:50.606,1159579,-0.812,-0.500,0.031
2025-11-02 20:35:50.834,1159807,-0.844,-0.437,-0.062
2025-11-02 20:35:51.078,1160047,-0.875,-0.375,-0.125
2025-11-02 20:35:51.304,1160278,-0.906,-0.625,0.062
2025-11-02 20:35:51.532,1160507,-0.750,-0.594,0.312
2025-11-02 20:35:51.761,1160735,-0.344,-0.594,0.656
2025-11-02 20:35:51.999,1160963,0.000,-0.625,0.812
2025-11-02 20:35:52.246,1161205,0.281,-0.375,0.625
2025-11-02 20:35:52.490,1161452,0.187,-0.437,0.625
2025-11-02 20:35:52.734,1161702,-0.094,-0.531,0.687
2025-11-02 20:35:52.963,1161933,-0.531,-0.656,0.594
2025-11-02 20:35:53.193,1162163,-0.719,-0.531,0.406
2025-11-02 20:35:53.419,1162393,-0.781,-0.500,0.187
2025-11-02 20:35:53.667,1162622,-0.844,-0.437,0.156
2025-11-02 20:35:53.906,1162873,-0.844,-0.437,0.125
2025-11-02 20:35:54.137,1163108,-0.906,-0.562,0.250
2025-11-02 20:35:54.376,1163346,-0.719,-0.656,0.500
2025-11-02 20:35:54.613,1163584,-0.156,-0.500,0.500
2025-11-02 20:35:54.846,1163813,0.187,-0.437,0.469
2025-11-02 20:35:55.077,1164048,0.312,-0.500,0.562
2025-11-02 20:35:55.300,1164276,0.000,-0.531,0.469
2025-11-02 20:35:55.542,1164513,-0.250,-0.656,0.437
2025-11-02 20:35:55.769,1164744,-0.812,-0.656,0.094
2025-11-02 20:35:56.000,1164973,-0.875,-0.500,-0.094
2025-11-02 20:35:56.228,1165202,-0.844,-0.344,-0.219
2025-11-02 20:35:56.466,1165431,-0.750,-0.281,-0.062
2025-11-02 20:35:56.695,1165669,-0.781,-0.281,-0.156
2025-11-02 20:35:56.939,1165897,-0.937,-0.281,-0.094
2025-11-02 20:35:57.173,1166147,-1.031,-0.156,-0.187
2025-11-02 20:35:57.410,1166375,-0.906,-0.156,-0.031
2025-11-02 20:35:57.635,1166609,-0.656,0.625,-0.250
2025-11-02 20:35:57.867,1166838,-1.094,-0.219,0.000
2025-11-02 20:35:58.106,1167078,-0.875,-0.156,0.000
2025-11-02 20:35:58.342,1167306,-0.750,-0.219,-0.031
2025-11-02 20:35:58.575,1167544,-0.750,-0.344,-0.031
2025-11-02 20:35:58.879,1167782,-0.750,-0.406,-0.250
2025-11-02 20:35:59.190,1168157,-0.812,-0.562,-0.187
2025-11-02 20:35:59.427,1168396,-0.719,-0.625,-0.062
2025-11-02 20:35:59.666,1168635,-0.781,-0.562,-0.062
2025-11-02 20:35:59.918,1168874,-0.719,-0.594,-0.031
2025-11-02 20:36:00.168,1169123,-0.812,-0.594,-0.187
2025-11-02 20:36:00.410,1169373,-0.750,-0.469,-0.187
2025-11-02 20:36:00.642,1169612,-0.812,-0.469,-0.156
2025-11-02 20:36:00.877,1169850,-0.781,-0.500,-0.156
2025-11-02 20:36:01.106,1170080,-0.812,-0.500,-0.125
2025-11-02 20:36:01.334,1170308,-0.812,-0.469,-0.156
2025-11-02 20:36:01.563,1170536,-0.781,-0.437,-0.156
2025-11-02 20:36:01.797,1170764,-0.781,-0.469,-0.156
2025-11-02 20:36:02.031,1171002,-0.812,-0.469,-0.156
2025-11-02 20:36:02.266,1171239,-0.812,-0.469,-0.156
2025-11-02 20:36:02.493,1171468,-0.781,-0.469,-0.125
2025-11-02 20:36:02.721,1171696,-0.812,-0.469,-0.156
2025-11-02 20:36:02.952,1171924,-0.812,-0.437,-0.156
2025-11-02 20:36:03.180,1172155,-0.812,-0.469,-0.156
2025-11-02 20:36:03.412,1172383,-0.812,-0.437,-0.156
2025-11-02 20:36:03.648,1172621,-0.812,-0.437,-0.156
2025-11-02 20:36:03.882,1172851,-0.812,-0.437,-0.156
2025-11-02 20:36:04.113,1173089,-0.812,-0.437,-0.156
2025-11-02 20:36:04.342,1173316,-0.812,-0.469,-0.125
2025-11-02 20:36:04.570,1173544,-0.812,-0.437,-0.156
2025-11-02 20:36:04.800,1173772,-0.812,-0.437,-0.156
2025-11-02 20:36:05.040,1174011,-0.812,-0.500,-0.156
2025-11-02 20:36:05.275,1174243,-0.812,-0.750,-0.094
2025-11-02 20:36:05.506,1174475,-0.344,-1.219,0.031
2025-11-02 20:36:05.746,1174713,0.437,-0.375,-0.125
2025-11-02 20:36:05.983,1174953,0.906,-0.062,-0.125
2025-11-02 20:36:06.211,1175184,0.906,0.094,-0.281
2025-11-02 20:36:06.440,1175414,1.000,0.187,-0.375
2025-11-02 20:36:06.671,1175643,1.000,0.094,-0.094
2025-11-02 20:36:06.895,1175870,0.969,0.125,-0.219
2025-11-02 20:36:07.127,1176097,1.000,0.094,-0.156
2025-11-02 20:36:07.355,1176330,0.969,0.125,-0.250
2025-11-02 20:36:07.587,1176558,0.531,0.094,-0.031
2025-11-02 20:36:07.815,1176785,0.187,-0.594,-0.406
2025-11-02 20:36:08.064,1177017,-0.594,-0.875,-0.750
2025-11-02 20:36:08.291,1177265,-0.469,-0.687,-0.500
2025-11-02 20:36:08.518,1177494,-0.531,-0.625,-0.344
2025-11-02 20:36:08.747,1177722,-0.500,-0.781,-0.281
2025-11-02 20:36:08.980,1177950,-0.562,-0.656,-0.375
2025-11-02 20:36:09.214,1178183,-0.500,-0.750,-0.281
2025-11-02 20:36:09.447,1178420,-0.531,-0.719,-0.344
2025-11-02 20:36:09.678,1178648,-0.531,-0.719,-0.281
2025-11-02 20:36:09.938,1178888,-0.531,-0.656,-0.281
2025-11-02 20:36:10.173,1179149,-0.531,-0.719,-0.312
2025-11-02 20:36:10.409,1179377,-0.531,-0.719,-0.281
2025-11-02 20:36:10.644,1179616,-0.531,-0.687,-0.281
2025-11-02 20:36:10.885,1179854,-0.562,-0.687,-0.281
2025-11-02 20:36:11.133,1180094,-0.562,-0.687,-0.281
2025-11-02 20:36:11.372,1180339,-0.562,-0.687,-0.281
2025-11-02 20:36:11.610,1180578,-0.562,-0.687,-0.281
2025-11-02 20:36:11.841,1180813,-0.562,-0.687,-0.281
2025-11-02 20:36:12.075,1181043,-0.562,-0.687,-0.250
2025-11-02 20:36:12.323,1181283,-0.594,-0.687,-0.250
2025-11-02 20:36:12.566,1181522,-0.594,-0.687,-0.250
2025-11-02 20:36:12.791,1181765,-0.562,-0.687,-0.281
2025-11-02 20:36:13.042,1181993,-0.562,-0.687,-0.281
2025-11-02 20:36:13.278,1182247,-0.594,-0.687,-0.250
2025-11-02 20:36:13.503,1182476,-0.594,-0.656,-0.250
2025-11-02 20:36:13.736,1182705,-0.594,-0.687,-0.250
2025-11-02 20:36:13.971,1182946,-0.594,-0.719,-0.250
2025-11-02 20:36:14.199,1183174,-0.594,-0.687,-0.250
2025-11-02 20:36:14.426,1183402,-0.594,-0.687,-0.250
2025-11-02 20:36:14.660,1183630,-0.594,-0.687,-0.250
2025-11-02 20:36:14.890,1183862,-0.562,-0.687,-0.250
2025-11-02 20:36:15.129,1184101,-0.594,-0.687,-0.281
2025-11-02 20:36:15.355,1184330,-0.562,-0.687,-0.250
2025-11-02 20:36:15.582,1184558,-0.594,-0.687,-0.250
2025-11-02 20:36:15.814,1184786,-0.594,-0.687,-0.250
2025-11-02 20:36:16.052,1185014,-0.594,-0.687,-0.250
2025-11-02 20:36:16.352,1185325,-0.594,-0.687,-0.250
2025-11-02 20:36:16.578,1185553,-0.594,-0.656,-0.250
2025-11-02 20:36:16.809,1185782,-0.594,-0.687,-0.250
2025-11-02 20:36:17.043,1186012,-0.594,-0.656,-0.250
2025-11-02 20:36:17.277,1186244,-0.594,-0.687,-0.250
2025-11-02 20:36:17.509,1186484,-0.594,-0.687,-0.250
2025-11-02 20:36:17.736,1186712,-0.594,-0.687,-0.250
2025-11-02 20:36:17.967,1186940,-0.594,-0.687,-0.250
2025-11-02 20:36:18.215,1187170,-0.594,-0.687,-0.250
2025-11-02 20:36:18.445,1187418,-0.594,-0.687,-0.250
2025-11-02 20:36:18.678,1187648,-0.594,-0.687,-0.250
2025-11-02 20:36:18.910,1187876,-0.594,-0.687,-0.250
2025-11-02 20:36:19.150,1188119,-0.531,-0.562,-0.250
2025-11-02 20:36:19.382,1188353,-0.625,-0.562,-0.187
2025-11-02 20:36:19.610,1188585,-0.750,-0.594,-0.219
2025-11-02 20:36:19.847,1188814,-0.781,-0.500,-0.250
2025-11-02 20:36:20.089,1189054,-0.781,-0.531,-0.312
2025-11-02 20:36:20.315,1189289,-0.812,-0.437,-0.250
2025-11-02 20:36:20.549,1189519,-0.781,-0.469,-0.187
2025-11-02 20:36:20.777,1189750,-0.719,-0.531,-0.219
2025-11-02 20:36:21.006,1189978,-0.719,-0.437,-0.219
2025-11-02 20:36:21.235,1190206,-0.719,-0.344,-0.187
2025-11-02 20:36:21.483,1190444,-1.000,-0.250,-0.094
2025-11-02 20:36:21.714,1190683,-1.094,-0.125,-0.062
2025-11-02 20:36:21.943,1190917,-0.937,-0.125,-0.156
2025-11-02 20:36:22.183,1191157,-0.969,-0.062,-0.125
2025-11-02 20:36:22.415,1191386,-1.031,-0.094,0.000
2025-11-02 20:36:22.646,1191617,-0.969,-0.156,-0.031
2025-11-02 20:36:22.876,1191845,-0.906,-0.094,-0.031
2025-11-02 20:36:23.118,1192087,-0.875,-0.156,-0.031
2025-11-02 20:36:23.346,1192319,-0.844,-0.125,-0.281
2025-11-02 20:36:23.582,1192549,-0.875,-0.281,-0.125
2025-11-02 20:36:23.812,1192784,-0.844,-0.406,-0.031
2025-11-02 20:36:24.048,1193014,-0.844,-0.469,0.156
2025-11-02 20:36:24.278,1193250,-0.656,-0.437,0.469
2025-11-02 20:36:24.517,1193488,-0.250,-0.531,0.625
2025-11-02 20:36:24.753,1193726,0.062,-0.406,0.625
2025-11-02 20:36:24.994,1193963,0.250,-0.437,0.750
2025-11-02 20:36:25.217,1194193,0.281,-0.406,0.719
2025-11-02 20:36:25.444,1194420,0.187,-0.406,0.750
2025-11-02 20:36:25.679,1194647,-0.094,-0.594,0.812
2025-11-02 20:36:25.920,1194885,-0.500,-0.594,0.844
2025-11-02 20:36:26.153,1195125,-0.656,-0.594,0.656
2025-11-02 20:36:26.381,1195354,-0.781,-0.469,0.406
2025-11-02 20:36:26.610,1195584,-0.844,-0.406,0.281
2025-11-02 20:36:26.842,1195812,-0.844,-0.469,0.219
2025-11-02 20:36:27.084,1196050,-0.750,-0.531,0.344
2025-11-02 20:36:27.318,1196291,-0.687,-0.562,0.594
2025-11-02 20:36:27.554,1196522,-0.312,-0.562,0.625
2025-11-02 20:36:27.796,1196763,0.062,-0.312,0.687
2025-11-02 20:36:28.022,1196997,0.219,-0.719,0.812
2025-11-02 20:36:28.248,1197225,0.312,-0.437,1.031
2025-11-02 20:36:28.480,1197452,0.187,-0.344,0.656
2025-11-02 20:36:28.714,1197681,0.000,-0.375,0.750
2025-11-02 20:36:28.956,1197919,-0.437,-0.656,0.687
2025-11-02 20:36:29.193,1198163,-0.656,-0.625,0.312
2025-11-02 20:36:29.419,1198394,-0.781,-0.531,0.312
2025-11-02 20:36:29.653,1198622,-0.844,-0.500,0.094
2025-11-02 20:36:29.891,1198863,-0.875,-0.562,0.219
2025-11-02 20:36:30.122,1199091,-0.719,-0.594,0.375
2025-11-02 20:36:30.356,1199324,-0.281,-0.594,0.594
2025-11-02 20:36:30.593,1199558,0.031,-0.562,0.656
2025-11-02 20:36:30.832,1199804,0.031,-0.594,0.562
2025-11-02 20:36:31.061,1200034,-0.125,-0.625,0.656
2025-11-02 20:36:31.305,1200262,-0.437,-0.656,0.375
2025-11-02 20:36:31.542,1200510,-0.719,-0.656,0.375
2025-11-02 20:36:31.770,1200745,-0.875,-0.500,0.094
2025-11-02 20:36:32.005,1200972,-0.875,-0.437,0.094
2025-11-02 20:36:32.231,1201207,-0.875,-0.375,0.219
2025-11-02 20:36:32.460,1201435,-0.906,-0.500,0.187
2025-11-02 20:36:32.696,1201664,-0.781,-0.594,0.469
2025-11-02 20:36:32.924,1201899,-0.281,-0.500,0.625
2025-11-02 20:36:33.153,1202126,-0.125,-0.469,0.719
2025-11-02 20:36:33.383,1202356,0.000,-0.500,0.719
2025-11-02 20:36:33.616,1202587,0.000,-0.562,0.656
2025-11-02 20:36:33.855,1202829,-0.031,-0.500,0.531
2025-11-02 20:36:34.086,1203058,-0.281,-0.594,0.625
2025-11-02 20:36:34.339,1203288,-0.656,-0.687,0.469
2025-11-02 20:36:34.575,1203543,-0.812,-0.500,0.219
2025-11-02 20:36:34.804,1203775,-0.875,-0.406,0.125
2025-11-02 20:36:35.030,1204004,-0.875,-0.406,0.094
2025-11-02 20:36:35.259,1204232,-0.906,-0.437,0.125
2025-11-02 20:36:35.524,1204462,-0.937,-0.406,0.250
2025-11-02 20:36:35.760,1204735,-0.469,-0.719,0.437
2025-11-02 20:36:35.990,1204963,0.031,-0.594,0.562
2025-11-02 20:36:36.224,1205194,0.219,-0.344,0.781
2025-11-02 20:36:36.468,1205426,-0.125,-0.344,0.594
2025-11-02 20:36:36.702,1205675,-0.469,-0.750,0.469
2025-11-02 20:36:36.930,1205903,-0.844,-0.594,0.187
2025-11-02 20:36:37.167,1206142,-0.906,-0.500,0.125
2025-11-02 20:36:37.395,1206370,-0.875,-0.406,-0.031
2025-11-02 20:36:37.630,1206598,-0.875,-0.344,-0.062
2025-11-02 20:36:37.861,1206835,-1.000,-0.344,-0.219
2025-11-02 20:36:38.094,1207063,-0.844,-0.562,-0.156
2025-11-02 20:36:38.321,1207297,-0.406,-0.969,0.062
2025-11-02 20:36:38.549,1207524,-0.094,-0.656,0.000
2025-11-02 20:36:38.787,1207752,0.125,-0.750,-0.187
2025-11-02 20:36:39.050,1207985,0.062,-0.969,-0.094
2025-11-02 20:36:39.282,1208254,-0.312,-1.000,-0.031
2025-11-02 20:36:39.510,1208482,-0.625,-0.687,-0.125
2025-11-02 20:36:39.749,1208713,-0.812,-0.687,0.094
2025-11-02 20:36:39.979,1208953,-0.906,-0.469,-0.031
2025-11-02 20:36:40.207,1209182,-0.844,-0.469,0.031
2025-11-02 20:36:40.440,1209409,-0.875,-0.469,0.062
2025-11-02 20:36:40.695,1209649,-0.750,-0.594,0.469
2025-11-02 20:36:40.921,1209895,-0.250,-0.656,0.750
2025-11-02 20:36:41.147,1210122,0.156,-0.344,0.500
2025-11-02 20:36:41.376,1210351,0.250,-0.562,0.719
2025-11-02 20:36:41.606,1210579,0.156,-0.500,0.625
2025-11-02 20:36:41.844,1210809,-0.187,-0.656,0.719
2025-11-02 20:36:42.073,1211047,-0.594,-0.719,0.500
2025-11-02 20:36:42.303,1211276,-0.750,-0.594,0.156
2025-11-02 20:36:42.528,1211504,-0.844,-0.469,0.094
2025-11-02 20:36:42.756,1211731,-0.906,-0.375,0.062
2025-11-02 20:36:42.990,1211959,-0.906,-0.344,-0.031
2025-11-02 20:36:43.227,1212197,-0.906,-0.500,0.031
2025-11-02 20:36:43.459,1212434,-0.687,-0.719,0.250
2025-11-02 20:36:43.688,1212661,-0.187,-0.562,0.375
2025-11-02 20:36:43.916,1212892,0.031,-0.625,0.437
2025-11-02 20:36:44.155,1213130,0.094,-0.625,0.437
2025-11-02 20:36:44.388,1213358,0.000,-0.687,0.344
2025-11-02 20:36:44.620,1213591,-0.437,-0.750,0.312
2025-11-02 20:36:44.847,1213819,-0.750,-0.750,0.156
2025-11-02 20:36:45.074,1214047,-0.812,-0.531,0.031
2025-11-02 20:36:45.303,1214275,-0.906,-0.437,-0.031
2025-11-02 20:36:45.547,1214515,-0.906,-0.344,-0.094
2025-11-02 20:36:45.773,1214748,-0.906,-0.375,-0.094
2025-11-02 20:36:46.005,1214976,-0.875,-0.719,0.031
2025-11-02 20:36:46.249,1215214,-0.500,-0.937,0.125
2025-11-02 20:36:46.475,1215449,-0.062,-0.844,0.000
2025-11-02 20:36:46.706,1215677,0.281,-0.625,0.000
2025-11-02 20:36:46.940,1215915,0.281,-0.781,0.031
2025-11-02 20:36:47.175,1216143,-0.062,-1.156,0.187
2025-11-02 20:36:47.402,1216377,-0.437,-0.844,0.031
2025-11-02 20:36:47.638,1216605,-0.687,-0.656,0.125
2025-11-02 20:36:47.872,1216844,-0.781,-0.594,-0.031
2025-11-02 20:36:48.120,1217082,-0.844,-0.469,-0.062
2025-11-02 20:36:48.352,1217326,-0.875,-0.375,-0.094
2025-11-02 20:36:48.582,1217555,-0.844,-0.562,-0.219
2025-11-02 20:36:48.811,1217785,-0.625,-0.594,-0.500
2025-11-02 20:36:49.047,1218015,-0.437,-0.594,-0.625
2025-11-02 20:36:49.278,1218249,0.094,-0.656,-0.719
2025-11-02 20:36:49.514,1218478,0.312,-0.594,-0.437
2025-11-02 20:36:49.754,1218721,0.219,-0.687,-0.531
2025-11-02 20:36:49.989,1218961,-0.219,-0.781,-0.562
2025-11-02 20:36:50.215,1219191,-0.594,-0.844,-0.375
2025-11-02 20:36:50.446,1219419,-0.750,-0.500,-0.406
2025-11-02 20:36:50.675,1219649,-0.844,-0.469,-0.250
2025-11-02 20:36:50.913,1219878,-0.906,-0.375,-0.312
2025-11-02 20:36:51.143,1220116,-0.844,-0.437,-0.344
2025-11-02 20:36:51.373,1220346,-0.781,-0.656,-0.562
2025-11-02 20:36:51.613,1220576,-0.250,-0.781,-0.531
2025-11-02 20:36:51.850,1220818,0.281,-0.469,-0.406
2025-11-02 20:36:52.082,1221053,0.312,-0.531,-0.469
2025-11-02 20:36:52.317,1221293,-0.062,-0.750,-0.625
2025-11-02 20:36:52.553,1221521,-0.469,-0.656,-0.656
2025-11-02 20:36:52.786,1221755,-0.750,-0.625,-0.375
2025-11-02 20:36:53.018,1221989,-0.906,-0.344,-0.406
2025-11-02 20:36:53.245,1222220,-0.875,-0.219,-0.375
2025-11-02 20:36:53.487,1222448,-0.906,-0.250,-0.406
2025-11-02 20:36:53.724,1222690,-0.812,-0.500,-0.594
2025-11-02 20:36:54.010,1222925,-0.250,-0.375,-0.750
2025-11-02 20:36:54.297,1223223,0.437,-0.344,-0.531
2025-11-02 20:36:54.531,1223505,0.219,-0.312,-0.687
2025-11-02 20:36:54.762,1223733,-0.125,-0.625,-0.687
2025-11-02 20:36:54.999,1223964,-0.562,-0.656,-0.844
2025-11-02 20:36:55.232,1224198,-0.750,-0.406,-0.500
2025-11-02 20:36:55.461,1224436,-0.844,-0.281,-0.469
2025-11-02 20:36:55.691,1224665,-0.875,-0.219,-0.406
2025-11-02 20:36:55.923,1224893,-0.875,-0.219,-0.375
2025-11-02 20:36:56.183,1225144,-0.937,-0.344,-0.500
2025-11-02 20:36:56.416,1225389,-0.656,-0.531,-0.594
2025-11-02 20:36:56.646,1225618,-0.156,-0.437,-0.781
2025-11-02 20:36:56.876,1225846,0.250,-0.437,-0.500
2025-11-02 20:36:57.113,1226087,0.375,-0.469,-0.594
2025-11-02 20:36:57.347,1226317,0.094,-0.375,-0.500
2025-11-02 20:36:57.582,1226555,-0.344,-0.625,-0.687
2025-11-02 20:36:57.832,1226785,-0.781,-0.562,-0.781
2025-11-02 20:36:58.086,1227039,-0.844,-0.344,-0.437
2025-11-02 20:36:58.351,1227299,-0.875,-0.187,-0.437
2025-11-02 20:36:58.605,1227560,-0.875,-0.219,-0.375
2025-11-02 20:36:58.845,1227816,-0.875,-0.187,-0.344
2025-11-02 20:36:59.075,1228046,-0.875,-0.375,-0.531
2025-11-02 20:36:59.319,1228276,-0.750,-0.375,-0.500
2025-11-02 20:36:59.565,1228528,-0.281,-0.594,-0.937
2025-11-02 20:36:59.792,1228768,0.344,-0.406,-0.625
2025-11-02 20:37:00.022,1228996,0.437,-0.281,-0.562
2025-11-02 20:37:00.249,1229224,0.250,-0.469,-0.656
2025-11-02 20:37:00.495,1229452,-0.156,-0.656,-0.750
2025-11-02 20:37:00.728,1229703,-0.562,-0.531,-0.625
2025-11-02 20:37:00.955,1229931,-0.812,-0.469,-0.406
2025-11-02 20:37:01.187,1230159,-0.875,-0.312,-0.344
2025-11-02 20:37:01.412,1230387,-0.906,-0.187,-0.375
2025-11-02 20:37:01.650,1230625,-0.906,-0.406,-0.437
2025-11-02 20:37:01.880,1230854,-0.812,-0.656,-0.625
2025-11-02 20:37:02.111,1231083,-0.187,-0.375,-0.656
2025-11-02 20:37:02.356,1231313,0.406,-0.406,-0.562
2025-11-02 20:37:02.584,1231558,0.344,-0.375,-0.531
2025-11-02 20:37:02.815,1231787,-0.062,-0.719,-0.781
2025-11-02 20:37:03.045,1232016,-0.562,-0.750,-0.750
2025-11-02 20:37:03.276,1232247,-0.875,-0.469,-0.531
2025-11-02 20:37:03.517,1232476,-0.875,-0.312,-0.406
2025-11-02 20:37:03.750,1232725,-0.906,-0.219,-0.406
2025-11-02 20:37:03.982,1232954,-0.906,-0.375,-0.437
2025-11-02 20:37:04.215,1233184,-0.625,-0.750,-0.781
2025-11-02 20:37:04.448,1233422,-0.062,-0.531,-0.656
2025-11-02 20:37:04.677,1233650,0.219,-0.344,-0.375
2025-11-02 20:37:04.906,1233878,0.031,-0.437,-0.562
2025-11-02 20:37:05.135,1234105,-0.500,-0.469,-0.687
2025-11-02 20:37:05.362,1234338,-1.000,-0.500,-0.437
2025-11-02 20:37:05.593,1234566,-0.875,-0.219,-0.187
2025-11-02 20:37:05.824,1234795,-1.000,-0.219,-0.156
2025-11-02 20:37:06.060,1235033,-1.000,-0.125,-0.094
2025-11-02 20:37:06.295,1235271,-0.969,-0.125,-0.062
2025-11-02 20:37:06.523,1235499,-1.094,-0.125,0.000
2025-11-02 20:37:06.751,1235727,-1.000,-0.344,-0.062
2025-11-02 20:37:06.982,1235955,-0.594,-0.250,-0.187
2025-11-02 20:37:07.213,1236184,-0.969,-0.437,-0.281
2025-11-02 20:37:07.448,1236416,-0.844,-0.344,-0.219
2025-11-02 20:37:07.680,1236651,-0.812,-0.281,-0.375
2025-11-02 20:37:07.914,1236880,-0.781,-0.375,-0.500
2025-11-02 20:37:08.149,1237121,-0.750,-0.406,-0.406
2025-11-02 20:37:08.384,1237359,-0.656,-0.625,-0.312
2025-11-02 20:37:08.615,1237587,-0.687,-0.562,-0.406
2025-11-02 20:37:08.851,1237819,-0.687,-0.281,-0.531
2025-11-02 20:37:09.083,1238057,-0.719,-0.125,-0.594
2025-11-02 20:37:09.312,1238287,-0.844,-0.156,-0.562
2025-11-02 20:37:09.542,1238516,-0.687,-0.187,-0.594
2025-11-02 20:37:09.771,1238744,-0.594,-0.406,-0.656
2025-11-02 20:37:10.004,1238973,-0.594,-0.406,-0.656
2025-11-02 20:37:10.237,1239211,-0.562,-0.437,-0.594
2025-11-02 20:37:10.465,1239440,-0.531,-0.500,-0.562
2025-11-02 20:37:10.695,1239668,-0.531,-0.531,-0.594
2025-11-02 20:37:10.932,1239906,-0.562,-0.531,-0.562
2025-11-02 20:37:11.159,1240134,-0.562,-0.531,-0.562
2025-11-02 20:37:11.390,1240363,-0.562,-0.500,-0.594
2025-11-02 20:37:11.619,1240593,-0.531,-0.531,-0.562
2025-11-02 20:37:11.859,1240822,-0.562,-0.500,-0.562
2025-11-02 20:37:12.094,1241066,-0.562,-0.531,-0.562
2025-11-02 20:37:12.322,1241298,-0.594,-0.500,-0.531
2025-11-02 20:37:12.558,1241526,-0.562,-0.531,-0.531
2025-11-02 20:37:12.795,1241766,-0.562,-0.531,-0.531
2025-11-02 20:37:13.027,1241995,-0.594,-0.469,-0.500
2025-11-02 20:37:13.259,1242233,-0.656,-0.562,-0.531
2025-11-02 20:37:13.488,1242462,-0.687,-0.469,-0.531
2025-11-02 20:37:13.717,1242690,-0.781,-0.344,-0.531
2025-11-02 20:37:13.950,1242918,-0.656,-0.094,-0.656
2025-11-02 20:37:14.187,1243161,-0.625,-0.062,-0.719
2025-11-02 20:37:14.417,1243390,-0.531,-0.156,-0.750
2025-11-02 20:37:14.652,1243621,-0.500,-0.250,-0.781
2025-11-02 20:37:14.881,1243857,-0.500,-0.219,-0.781
2025-11-02 20:37:15.125,1244086,-0.469,-0.219,-0.812
2025-11-02 20:37:15.359,1244331,-0.500,-0.219,-0.812
2025-11-02 20:37:15.591,1244559,-0.500,-0.187,-0.812
2025-11-02 20:37:15.826,1244800,-0.469,-0.187,-0.812
2025-11-02 20:37:16.070,1245039,-0.500,-0.187,-0.812
2025-11-02 20:37:16.296,1245270,-0.500,-0.187,-0.812
2025-11-02 20:37:16.533,1245500,-0.500,-0.219,-0.812
2025-11-02 20:37:16.773,1245733,-0.500,-0.187,-0.812
2025-11-02 20:37:17.014,1245976,-0.500,-0.187,-0.812
2025-11-02 20:37:17.247,1246219,-0.500,-0.187,-0.812
2025-11-02 20:37:17.481,1246449,-0.500,-0.187,-0.812
2025-11-02 20:37:17.715,1246689,-0.500,-0.187,-0.812
2025-11-02 20:37:17.946,1246918,-0.500,-0.156,-0.812
2025-11-02 20:37:18.173,1247149,-0.500,-0.187,-0.812
2025-11-02 20:37:18.403,1247377,-0.500,-0.187,-0.812
2025-11-02 20:37:18.632,1247607,-0.500,-0.187,-0.812
2025-11-02 20:37:18.869,1247845,-0.500,-0.187,-0.812
2025-11-02 20:37:19.097,1248073,-0.500,-0.187,-0.812
2025-11-02 20:37:19.330,1248301,-0.500,-0.187,-0.812
2025-11-02 20:37:19.569,1248542,-0.500,-0.187,-0.812
